{
  "display": {
    "icon": {
      "id": "minecraft:debug_stick"
    },
    "title": "Mace Protection Enchantment                                                                                                                  ",
    "description": [
      "",
      {
        "text": "Armor enchantments to reduce damage from Mace attacks\n",
        "color": "white"
      },
      {
        "text": "\n",
        "color": "yellow"
      },
      {
        "text": "Datapack version: ",
        "color": "dark_green"
      },
      {
        "text": "v1.0.0",
        "color": "green"
      },
      {
        "text": "\n",
        "color": "green"
      },
      {
        "text": "Game version: ",
        "color": "dark_green"
      },
      {
        "text": "1.21.6+",
        "color": "green"
      },
      {
        "text": "\n",
        "color": "green"
      },
      {
        "text": "\n",
        "color": "green"
      },
      {
        "text": "modrinth.com/datapack/mace-protection",
        "color": "dark_purple"
      }
    ],
    "frame": "task",
    "show_toast": false,
    "announce_to_chat": false
  },
  "parent": "jodek:utility",
  "criteria": {
    "tick": {
      "trigger": "minecraft:tick"
    }
  }
}